BG0P511,7
BGPP511,1
BG0B511,2
BGGGF615,1
BG0PF615,2
BG0O7599,3
BG0P7599,2
BGGG75998,6
BG0G7366,1
BGBE7366,1
BG0P7366,4
BG0P75998,2
BG0G75998,1
BGBE7611,1
BGBE7513,2
BG0G7513,3
BG0G7615,1
BG0R7615,4
BGBB7615,2
BGBB7611,3
BG0P7611,3
BGGG75910,4
BGGG365,2
BGBE75910,2
BGGG5910,6
BG0P5910,3
BG0P75910,3
BG0G5910,1
BG0G365,4
BGBE5911,5
BGBB5115,4
BG0G5911,3
BGDP5115,1
BG0P5115,2
BGBE5115,3
BGCFF9114,2
BGCFF2052,4
BGBBF9940,3
BG0W9066,4
BG0047812,2
BGBB9066,3
BGBB336,1
BGBB7002U,4
BGBB85001,4
BGBB8118,3
BG0G85002U,2
BGBB7014U,1
BG0G8118,2
BG0G7002U,2
BGBB6988,2
BGBB85002U,2
BG0G85001U,2
BGBE85001,3
BGDG7014U,1
BG0G85001U,2
BGBE99163,2
BG0W99163,2
BGBE1580,2
BGBB1580,1
BG00C2575,2
BG0G612,1
BGBR175,1
BGBR1223,2
BG0G1223,2
BGBB1223,1
BGCF7050,3
BGBR6250,3
BGBR2088,2
BGBB2088,4
BG0R1224,2
BGBB1224,2
BG0G233,1
BG0P233,1
BGBE233,3
BGBR8130,2
BGBB8130,2
BGBE269,1
BG0Y269,1
BGLBE269,2
BGGG17072,2
BGBE2031,2
BG0C2031,3
BGGG6988,1
BGLB6988,2
BG0W18072,1
BGBE1507,2
BG0R1507,1
BG0099161,2
BG004818,5
BGBE2032,2
BG0G2032,2
BGBB2032,1
BG0C2032,2
BGPP2032,1
BG0B4105,1
BG0G5182,1
BGGG5182,1
BG0W40622,1
BG0G40622,1
BGBE53434,1
BG0W53434,1
BG0G8130,2
BGBB1705,1
BGBE1705,1
BGBR3022,2
BGBB1706,1
BGBBC2017,1
BGBE1706,1
BGBB3022,1
BGBB3021,1
BGBB9001,4
BG0R9001,3
BG009909S,2
BG0G9058,2
BGPP9058,2
BG0PM022,1
BG0GM022,1
BGBB2588,3
BGGG99167,2
BGBB99167,2
BGGG22072,2
BG006021,1
BH140044,1
BG009035,2
BGPP4106,1
BG0G4001,1
BGBR70911,1
BGBE70911,2
BGBB645,2
BGBB5017,1
BG009982,2
BG001267,1
BG001140,1
BGBR201,2
BG008006,1
BGBR2037,3
BGBB8055,2
BGPPXM05,2
BG0G881,1
BGBR8055,2
BG0G974,2
BG0S887,2
BG0G6038,1
BG0W6046,1
BGBB4003,1
BG0R4003,1
BG0C99164,2
BG0W4003,1
BG0P99164,1
BGBB1069,1
BG0B667,2
BGBB5088,2
BGBR421,3
BGGG421,3
BG0G551,4
BGBB667,2
BG0G1069,1
BG008007,1
BG00C2609,3
BGDB667,2
BG0P99165,3
BGBB99165,2
BG0099160,3
BG0B8039,3
BGBB551,2
BG0P99166,2
BGBR6529,3
BGBB396,1
BGPP6529,3
BG0B6041,3
BGBB3399,1
BGBR336,6
BG0G5088,1
BG003095,2
BG0GC9154,1
BG00C970B,1
BGBB2031,2
BGPP2031,1
BG0G2031,1
BG0G2039,1
