JL0G097,1
JLBW096,1
JL0B096,1
JL0S867,1
JL0G867,1
JLPP0814,1
JL0W0814,1
JL0B094,1
JLBB094,1
JLSW0090,1
JLSB0090,1
JL0G0090,1
JLRG0090,1
JL0S936,1
JL0G946,1
JL0S946,1
JLSR859,1
JL0S859,1
JL0G871,1
JL0S871,1
JLDG871,1
JLRG809,1
JL0S809,1
JL0G906,1
JLBR0694,2
JL0P854,1
JLBE854,3
JL0R854,2
JL0W920,1
JLBB955,1
JLBB863,1
JL0P863,1
JL0Y921,1
JL0G921,1
JL0G945,1
JLBB945,1
JLDG0848,1
JL0G950,1
JL0S950,1
JLSB950,1
JL0W951,1
JL0S918,3
JL0G861,2
JLSB861,2
JL0S861,1
JL0W932,2
JL0C932,1
JLBE932,3
JLBE925,1
JL0W941,1
JLBB864,3
JL0G935,1
JL0W928,1
JL0B885,1
JLGG926,1
JL0G926,1
JL0W884,1
JL0W964,1
PL11109BB,1
PL11109BG,1
PL11109BW,1
PL71102BB,1
PL51121BB,1
PL51121BR,1
PL51121BG,1
PL51109BE,1
PL51109BR,1
PL51125RGW,1
PL51125RGB,1
PL51125BB,1
PL11101BB,1
PL11101BE,1
PL11101BW,1
PL21124BR,1
PL21124BB,1
PL71124BG,1
PL71124BB,1
PL31130BB,1
PL21126BE,1
PL21125BR,1
PL21125BB,1
PL51111G,1
PL51111BB,1
PL21117BR,1
PL21117BE,1
PL71108BB,1
PL71108BG,1
PL21127BRB,1
PL21127BB,1
PL81111BE,1
PL81111BG,1
PL81111BB,1
PL91131BR,1
PL21119BB,1
PL21119BE,1
PL91103BW,1
PL91101BB,1
PL21110BE,1
PL21110BR,1
PL21110GG,1
PL21103BB,1
PL21103BE,1
PL31124S,1
PL31124G,1
ISBS2246,1
ISBW2246,1
IS0R8160M,1
ISBR6816,1
ISGG6816,1
ISBB3938,1
ISBR3938,1
IS303860,1
ISBB3818M,2
ISBG3812,1
IS303818,2
IS0Y3821,1
IS0O3821,1
IS0W3968,1
ISBG3911,1
EWMB8731,1
KMBR0513,1
ISBS3863,1
IS503832,1
IS103830,1
IS303960,1
IS203908,1
ISRR6802,1
IS0G6802,1
ISBE216,1
IS0W216,2
IS203832W,1
IS0G3848,1
IS0S3848,1
IS0G3839,1
IS0S3839,1
IS0G3873,1
IS0S3873,1
IS0S3843,1
ISBB3803,1
ISBS3803,1
ISBB3802W,1
ISBB3818W,1
IS1BS3822,1
IS0B3816,3
ISBW3923,1
ISRW3923,2
ISRR3923,1
ISBB3923,1
ISBB3919,1
IS0R3919,1
IS0W2210,2
ISBB2210,1
IS0P8201,1
IS0R8201,1
ISBG8160W,3
IS0P220,2
ISBB220,1
IS0G3806,1
IS0P3806,1
IS0W2202,1
IS0R2202,1
ISBB2202,1
IS0R3963,1
ISBR3818W,1
ISBR3818M,1
IS0R3802W,1
IS0R3802M,1
IS1BG3822,1
ISBG3822,1
IS0B3816B,2
ISPP8111,1
IS0R8111,1
IS0G8109,1
SWBB008,2
SW0S008,2
SW0G008,3
VCBB045A,1
VC0B045A,1
VC0B074A,1
VCBB074A,1
VCBG074A,1
VC0S078A,1
VC0G078A,1
VC0G076A,1
VC0W076A,1
VCBS073A,1
VCBBS033,1
VCBB071,1
VC0G071,1
VC0B071,1
VCBS063,1
VCBG063,1
VCBE060,1
VCBG060,1
VC0Y060,1
VC0B061,1
VCBBG061,1
VCBB049,1
VCBR049,1
VCBB077,1
VCBE077,1
VCBG077,1
VCBS067,1
VCBG067,1
VC0B068,1
VC0G068,1
VCBR054,1
VCBB054,1
VCBW054,1
VC0G064,1
VCSW003W,1
VCSB003W,1
VCSB003M,1
VC0G003M,1
VCSW003M,1
VC0B070,1
VC0W070,1
VC0B062,1
VCBB062,1
VC0G062,1
7103WS,2
7101BS,2
7727SS,1
7724BG,1
9966BS,1
G7727GG,1
G7727SG,1
5512BS,1
BX001511,1
BX008971,0
