BG0G5911,3
BG0R7615,4
BGBB7611,3
BG0P511,7
BGPP511,1
BG0B511,2
BGGGF615,1
BG0PF615,2
BG0O7599,3
BG0P7599,3
BGGG75998,5
BG0G7366,1
BG0P75998,3
BG0P7366,1
BGBE7366,3
BGBE7513,5
BGBE7611,2
BG0P7611,2
BGBB7615,3
BG0G7615,2
BG0G7513,4
BG0G365,4
BGBE5910,2
BGBE365,1
BGGG75910,4
BGGG365,4
BGGG5910,6
BG0P5910,3
BG0G5910,2
BG0P75910,3
BGBE75910,3
BG0P5115,3
BGBB5115,3
BGDP5115,2
BGBE5911,2
BGCFF9114,2
BGCFF2052,3
BGBBF9940,6
BGGG6988,2
BGBB6988,3
BGLB6988,2
BGGG17072,2
BGBB85002U,2
BGBB85001,2
BG0G85001U,2
BG0G85002U,1
BGBE85001,2
BGBB7002U,3
BG0G7002U,2
BGDG7014U,2
BGBB8118,3
BG0G85001U,2
BG0G8118,3
BG0G7014U,2
BG0W18072,1
BGLBE269,2
BG0Y269,1
BG0G2039,1
BG00C2575,2
BG0G612,1
BGBR175,1
BGBB2088,4
BGBE2088,1
BGBR2088,2
BG0G233,4
BGBR6110,1
BGBB6250,1
BGBR6250,2
BGCF7050,1
BGBB1580,1
BGBE1580,2
BG0W99163,2
BGBE99163,2
BGBE1507,2
BG0R1507,1
BG0C2032,2
BGPP2032,1
BGBE2032,2
BG0G2032,2
BGBB2032,1
BG004818,5
BG0W40622,1
BG0W53434,1
BG0G40622,1
BGBE53434,1
BG0G5182,1
BGGG5182,1
BG0B4105,1
BGPP9058,2
BG0G9058,2
BG0099161,2
BGBE70911,2
BGBR70911,1
BGBB8055,2
BGBR8055,2
BG0B8039,5
BG0B6041,2
BGBR336,4
BGBR421,3
BGGG421,3
BG0G551,5
BGBB9001,4
BGBB1069,1
BGBB667,2
BGBB336,1
BG0P99164,2
BG0G974,2
BG0C99164,2
BGBB4003,1
BG0W4003,1
BG0R4003,1
BG0G6038,1
BG0W6046,1
BG0G5088,2
BGBB5088,2
BG0B667,2
BGBR201,3
BGDB667,2
BG00C2609,3
BG008007,2
BG0S887,2
BG0G881,1
BG0G1069,1
BG0G8084,1
BGPPXM05,2
BGBR2037,2
BG0047812,3
BG0C3095,1
BG003095,1
BG00C970B,1
BG0GC9154,2
BGBBC9154,1
BGPP6529,2
BGBR6529,2
BGBB396,1
BG0P99166,4
BG0099160,3
BG0P99165,3
BGBB5017,1
BGBB645,2
BG009982,2
BG001267,1
BG001140,1
BGBB99165,3
BGPP4106,1
BG0G4001,2
BG009035,2
BH140044,1
BG006021,1
BGGG22072,2
BGBB1705,1
BGBE1705,1
BGBR3022,2
BGBE1706,1
BGBBC2017,1
BGBB1706,1
BGBB3021,1
BGBB3022,1
BG0R9001,2
BGBB9066,3
BG0W9066,4
BG0GM022,1
BG0PM022,1
BG008006,1
BG009909S,2
BGBB2588,3
BGGG99167,2
BGBB99167,2
BG0C2031,3
BGBB2031,3
BGPP2031,1
BGBE2028,3
BGBE2031,2
BG0G2031,1
BGBB3399,1
BGBB551,1
