SJBBL350,4
SJBBM350,4
SJBBS350,3
LJDBM289,5
LJDBS289,5
LJDBL289,3
LJBBM289,3
LJBBL289,5
LJBBS289,8
SJ001720,20
LJBEM2936,4
LJBEL2936,4
LJ00571028,2
LJBES2936,4
SJBEM350,3
SJBEL350,3
LJCFL1170,1
LJCFM8986,1
LJCFS8986,1
LJCFL8986,1
LJCFM2964,3
LJCFL2964,4
LP0CXL338,4
LP0CL338,5
LP0CM338,3
LJBEL2261,4
LJBES2261,3
LJBEM2261,6
LJBEXL2261,4
LPBBXL338,1
LPBBL338,6
LPBBM338,2
LJCFL2957,4
LJCFM2957,2
LJCFS2957,2
LJBES1129,1
LJBEM1129,1
LJBEL1129,2
SJDBXLT830,5
SJ0019873,10
SJ001253,1
SJBEST830,5
SJBEMT830,2
SJBEXLT830,11
DO003816,1
DO001623,1
JS0RW821,2
JSBBW821,7
JS00W825,12
DO009219,1
DO0P10295,1
DO009832,4
JSCFS3067,2
LJBES1129,4
LJBEL1129,3
LJBES2936,3
LJBEM2936,1
LJBEL2936,4
LJCFS2957,3
LJCFM2957,3
LJCFL2957,1
LJ008858,2
LP0GA280,4
LPGGA280,1
LPBEA280,2
LJ002105,5
LJ001028,1
LJ008967,3
LJ009284,1
LJ0H009,2
LJ001860,5
LJ008888,5
LJ0050235,3
LJCFS2964,5
LJCFL2964,2
LJCFM2964,2
LJCFL1170,4
LJCFM1170,5
LJCFXXL1170,5
LJCFXL1170,5
LJCFL5510,4
LJCFM5510,5
SKBBL5296,3
SKBBS5296,4
SKBBM5296,6
SKBBL5285,10
SKBBXL5285,4
SKBBM5285,3
LJBEL1153,4
LJBES1153,3
LJBEM1153,4
LJBEXL2261,2
LJBES2261,1
LJ008969,2
LJ00571028,4
LJ007159,1
LJBBM289,2
LJBBL289,3
LJDBS289,5
LJDBM289,4
LJDBL289,5
SJBEM350,4
SJBEL350,5
SJBBS350,14
SJBBL350,4
LJBES901,1
LJBEL901,2
LJBEM901,4
LJBEM188,4
LJBEL188,2
LJBES188,3
LJ005009,1
LJCFL2056,3
LJCFS2056,2
LJBBL6620,5
LJCFM8986,3
LJCFS8986,2
SJBEST830,1
SJBELT830,1
SJBEXLT830,5
SJDBLT830,4
SJDBXLT830,6
SJDBMT830,1
SHCFS193,4
SHCFM193,3
SHCFL193,4
SJ001720,6
SK008935,3
SKDB3001,4
SK00171033,1
SKDB1688,1
SJ001836,1
SJDB6141,2
SJBE6141,4
SJ0019873,3
SK0071021,12
SK007515,4
SK005594,3
SKDB1519,1
SK00108,1
SK0PM4273,2
SK0PS4273,1
SK001273,4
SJ001122,1
SH0B1135,4
SK0BE281,1
SK001257,2
SKGG1672,2
SK00171187,1
SK0061270,2
SK0065028,4
SKBB5938,1
SK005341,1
SK001655,3
SK00695,4
SK006965,1
SKBE165129,7
SKBB165129,5
SH0W9962,4
SH0072106,3
SHDB7755,1
SH0P6037,4
SHCFF777,10
LPGGM338,4
LPGG338,1
LPGGXL338,1
LPGGL338,2
LPBEXL338,5
LPBBF211,14
LPBBF211,2
LP0GF772,5
LP00112,2
LP000211,1
LP000203,1
LP000202,1
LP004254,1
LP0CXL338,3
LP0CL338,3
LP0CM338,4
SK006226,1
LPBBL338,7
LPBBXL338,9
SK009770,2
SK0010158,13
SK00600367,6
SK0010184,10
SK005915,2
SK008594,5
SKCFS8711,2
SKCFL8711,2
SKCFM8711,3
SKCFL28532,1
SKCFS229,2
SKCFL229,3
SKCFM229,1
SK0W2131,3
SK0C2131,1
SK008089,1
SK0P396,3
SKBB396,3
SK005600,2
SK006177,3
SKBB6271,1
SK0R6160,1
SK009220,1
SK001124,1
LPBBM557,5
LPBBXL557,1
LP0GL557,1
LPBEFT330,7
LP0PFT330,13
LPBBF8866,2
LPBB9222,1
LP00A395,1
LPBBA395,1
LP0G571168,5
SKBRF1829,2
SKBBF1829,5
SKBBF6501,7
SK0GF6501,6
SKCFF918,1
SK001130,1
SK0PF956,5
SKBEF956,8
SJBBM350,4
LJCFS5510,4
LPGGL388,5
LPGGM388,9
