BG0G2039,3
BGGG6988,2
BGLB6988,2
BGBB6988,3
BG0WF9940,2
BGBBF9940,4
BGCFF9114,2
BGCFF2052,3
BGBE75910,2
BGGG75910,2
BG0P75910,3
BG0G5910,3
BGBE5910,2
BG0P5910,4
BGGG5910,3
BGBE365,2
BG0G365,2
BGGG365,2
BGBB75998,1
BG0G75998,2
BG0P75998,2
BG0R75998,2
BGBE75998,2
BGGG75998,3
BG0P7366,3
BGBE7366,2
BG0G7366,3
BG0P75998,4
BG0O7599,3
BGGGF615,2
BG0PF615,2
BG0B511,2
BGPP511,2
BG0P511,7
BGBE2031,2
BGBB2031,4
BGPP2031,4
BGBB2039,1
BGBR5412,2
BG0G5412,3
BG0W18072,1
BG0G612,1
BGBB2028,1
BGBE2028,4
BG0C2031,3
BG0G2031,1
BG001139,1
BGBB5412,2
BGBB2088,4
BGBE2088,1
BGBR2088,2
BGBR70911,1
BGBE70911,2
BG00C3013,1
BGBR175,1
BGPPXM05,2
BG0G5088,2
BG0099160,2
BGBB5088,2
BGDB667,1
BGBB667,2
BG0G1069,1
BGBB1069,1
BG0B6041,1
BG0B667,1
BGPP2032,1
BG0C2032,2
BGBB2032,1
BGBE2032,2
BG0G2032,2
BG0W99163,1
BGBE99163,1
BG0G335,1
BG004818,6
BG0G40622,1
BGBB53434,1
BG0W53434,1
BG0W40622,2
BGBB40622,1
BGBE53434,1
BGBE1507,2
BG0R1507,2
BG00174,1
BGPP9058,2
BG0099161,2
BG0B4105,1
BGBRM003,2
BGBB99167,2
BGGG99167,3
BGBB9066,2
BG0W9066,3
BGBB2588,3
BGGG17072,3
BGLBE269,3
BG0Y269,1
BGBR9002,1
BGBB9001,4
BGBB3022,1
BGBB3021,1
BGBR3022,2
BGBE1706,1
BGBBC2017,1
BGBB1706,1
BGBE1705,1
BGBB1705,2
BGBBC9154,1
BG0GC9154,1
BG00C970B,1
BG003095,2
BG0GM022,2
BG0047812,3
BGBR8055,2
BGBB8055,2
BG0P99166,4
BGBB396,1
BGBR6529,2
BGPP6529,2
BGBB551,4
BG008888,2
BGGG5182,2
BG008007,3
BG00C2703,1
BG00C2609,3
BG008006,1
BGBB8191,1
BG0G8078,1
BG0G6038,1
BG0PM022,1
BGBB3399,1
BG0B8039,3
BGBB336,1
BGBR336,4
BGBB201,2
BGBB5017,1
BG009909S,2
BGBR201,2
BG0P99165,2
BGBR5016,2
BG001140,1
BG001267,1
BG001138,1
BGBB645,2
BG009982,2
BGBB99165,3
BGBR2037,2
BG0S887,2
BG002900,1
BGBR421,3
BG0G8084,1
BG0G881,1
BG0R9001,1
BGBB58991,1
BG0G551,4
BGGG421,3
BG0C99164,2
BG0W6046,1
BG0B882,1
BG0P99164,2
BG0W4003,1
BGBB4003,1
BG0R4003,1
BGGG1998,2
BG0G974,2
BG0R22072,1
BGGG22072,2
BGBB22072,1
BG0G22072,1
BH140044,1
BG009035,2
BG006021,1
BG0G4001,2
BGPP4106,1
