JL0W866,2
JL0W884,2
JL0W0814,2
JL0W951,2
JL0G867,2
JL0G906,3
JL0B0814,2
JL0S861,2
JL0W941,2
JLGG866,2
JLBE929,2
JLRG960,2
JL0W932,2
JLDG871,2
JLBW096,2
JLBE932,2
JL0G946,1
JL0C932,2
JL0P866,2
JL0P863,2
JLSB0090,2
JL0G861,2
JLSR859,2
JL0P0828,2
JL0W945,2
JL0P973,4
JL0W955,4
JLBB945,3
JLBB955,3
JLBG928,3
JLBG954,3
JL0W973,3
JL0R928,3
JLBB973,2
JL0P929,2
JL0W928,3
JLBB914,3
JLBR914,3
JLBR928,2
JLBB954,2
JLBE945,2
JLBR954,2
JL0G959,5
JLRG959,4
JL0S959,4
JLRG1030,3
JL0G1040,4
JL0W1030,2
JL0G1030,2
JL0W1001,3
JLBR1040,3
JL0W1033,3
JLGG1033,3
JL0G1033,3
JLBR1033,3
JL0G1001,3
JL0W920,1
JL0W954,1
JL0R854,3
JL0R885,1
JLGG926,1
JL0P941,1
JL0G871,1
JL0G809,1
JL0S809,1
JL0S918,1
JL0S946,1
JL0G859,1
JLBB958,1
JL0P921,1
JLBB864,1
JLBB094,1
JL0B094,2
JLBR097,1
JLPP0814,1
JL0S867,1
JL0B096,1
