PL11101BB,1
PL11101BE,1
PL11101BW,1
PL11109BG,1
PL11109BW,1
PL21103BB,1
PL21103BE,1
PL21110BE,1
PL21110BR,1
PL21110GG,1
PL21117BE,1
PL21117BR,1
PL21119BB,1
PL21119BE,1
PL21124BB,1
PL21124BR,1
PL21125BB,1
PL21125BR,1
PL21126BE,1
PL21127BB,1
PL21127BRB,1
PL31124G,1
PL31124S,1
PL51109BE,1
PL51109BR,1
PL51111BB,1
PL51111G,1
PL51121BB,1
PL51121BG,1
PL51121BR,1
PL51125BB,1
PL51125RGB,1
PL51125RGW,1
PL71102BB,1
PL71102BE,1
PL71108BB,1
PL71108BG,1
PL71124BB,1
PL71124BG,1
PL81111BB,1
PL81111BG,1
PL91101BB,1
PL91103BW,1
PL91131BR,1
